domain,matched_domain,match_type,tranco_rank,reach_score,reach_percentile,reach_tier,mentions,unique_outlets,top_outlet,top_outlet_mentions,first_mention_date,last_mention_date,tranco_list_id,tranco_list_created_on,generated_at_utc
ct.moreover.com,moreover.com,suffix,59030,20.48,94.097,medium,44,36,MSN,3,2024-02-23T14:45:00,2025-05-25T01:32:00,64X5X,2026-09-20T22:00:02.090984,2026-09-21T12:56:35.440799+00:00
phys.org,phys.org,exact,2990,42.07,99.701,high,11,1,Phys.org,11,2014-10-14T19:19:16,2023-12-20T18:19:09,64X5X,2026-09-20T22:00:02.090984,2026-09-21T12:56:35.440799+00:00
theconversation.com,theconversation.com,exact,1113,49.23,99.889,high,9,1,The Conversation,9,2018-05-24T15:08:08,2024-02-15T05:11:12,64X5X,2026-09-20T22:00:02.090984,2026-09-21T12:56:35.440799+00:00
rawstory.com,rawstory.com,exact,9085,34.03,99.092,high,8,1,The Raw Story,8,2022-11-25T03:37:42,2023-12-27T12:52:43,64X5X,2026-09-20T22:00:02.090984,2026-09-21T12:56:35.440799+00:00
feedproxy.google.com,google.com,suffix,1,100.0,100.0,very_high,7,3,Sci-News,3,2015-10-14T01:10:13,2021-10-15T18:43:11,64X5X,2026-09-20T22:00:02.090984,2026-09-21T12:56:35.440799+00:00
uk.news.yahoo.com,yahoo.com,suffix,59,70.49,99.994,very_high,7,1,Yahoo! News,7,2018-05-24T15:00:00,2023-12-19T16:53:46,64X5X,2026-09-20T22:00:02.090984,2026-09-21T12:56:35.440799+00:00
eurekalert.org,eurekalert.org,exact,6170,36.83,99.383,high,7,1,EurekAlert!,7,2014-10-14T04:00:00,2021-11-17T14:09:24,64X5X,2026-09-20T22:00:02.090984,2026-09-21T12:56:35.440799+00:00
msn.com,msn.com,exact,70,69.25,99.993,very_high,6,1,MSN,6,2018-05-25T12:53:52,2023-12-20T20:34:55,64X5X,2026-09-20T22:00:02.090984,2026-09-21T12:56:35.440799+00:00
sciencedaily.com,sciencedaily.com,exact,1833,45.61,99.817,high,6,1,Science Daily,6,2014-10-14T19:26:37,2021-11-17T15:01:31,64X5X,2026-09-20T22:00:02.090984,2026-09-21T12:56:35.440799+00:00
news.google.com,google.com,suffix,1,100.0,100.0,very_high,5,1,Google News,5,2019-09-13T12:16:00,2022-11-26T17:10:01,64X5X,2026-09-20T22:00:02.090984,2026-09-21T12:56:35.440799+00:00
newswise.com,newswise.com,exact,20265,28.22,97.974,medium,4,1,Newswise,4,2015-10-12T20:05:00,2021-11-17T00:00:00,64X5X,2026-09-20T22:00:02.090984,2026-09-21T12:56:35.440799+00:00
miragenews.com,miragenews.com,exact,37470,23.77,96.253,medium,4,1,Mirage News,4,2021-10-11T14:09:36,2021-11-17T14:08:13,64X5X,2026-09-20T22:00:02.090984,2026-09-21T12:56:35.440799+00:00
news.cornell.edu,cornell.edu,suffix,577,53.98,99.942,very_high,3,1,Cornell Chronicle,3,2017-09-21T16:09:02,2021-10-11T14:10:00,64X5X,2026-09-20T22:00:02.090984,2026-09-21T12:56:35.440799+00:00
sciencealert.com,sciencealert.com,exact,5667,37.44,99.433,high,3,1,Science Alert,3,2018-05-25T03:38:55,2022-11-25T06:16:58,64X5X,2026-09-20T22:00:02.090984,2026-09-21T12:56:35.440799+00:00
firstpost.com,firstpost.com,exact,9132,33.99,99.087,high,3,1,Firstpost,3,2015-10-07T19:15:56,2022-11-25T07:59:21,64X5X,2026-09-20T22:00:02.090984,2026-09-21T12:56:35.440799+00:00
inverse.com,inverse.com,exact,11298,32.45,98.87,medium,3,1,Inverse,3,2018-05-24T15:00:00,2022-12-04T20:00:25,64X5X,2026-09-20T22:00:02.090984,2026-09-21T12:56:35.440799+00:00
naked-science.ru,naked-science.ru,exact,17371,29.34,98.263,medium,3,1,Naked Science,3,2018-05-25T06:27:30,2021-10-14T09:55:49,64X5X,2026-09-20T22:00:02.090984,2026-09-21T12:56:35.440799+00:00
futurity.org,futurity.org,exact,39958,23.31,96.004,medium,3,1,Futurity,3,2015-10-08T15:42:52,2021-11-03T17:55:49,64X5X,2026-09-20T22:00:02.090984,2026-09-21T12:56:35.440799+00:00
sci-news.com,sci-news.com,exact,107844,16.12,89.216,low,3,1,Sci-News,3,2014-10-21T10:01:02,2017-09-22T10:46:25,64X5X,2026-09-20T22:00:02.090984,2026-09-21T12:56:35.440799+00:00
sciencenewsline.com,sciencenewsline.com,exact,887934,0.86,11.207,low,3,1,Science Newsline,3,2015-02-12T17:11:00,2017-09-22T15:40:00,64X5X,2026-09-20T22:00:02.090984,2026-09-21T12:56:35.440799+00:00
journalbreak.com,,unmatched,0,0.0,0.0,unranked,3,1,journalbreak.Com,3,2022-11-25T11:06:04,2022-11-27T01:08:20,64X5X,2026-09-20T22:00:02.090984,2026-09-21T12:56:35.440799+00:00
nach-welt.com,,unmatched,0,0.0,0.0,unranked,3,1,Nachrichten Welt,3,2022-11-25T14:37:52,2022-11-27T04:02:21,64X5X,2026-09-20T22:00:02.090984,2026-09-21T12:56:35.440799+00:00
in.news.yahoo.com,yahoo.com,suffix,59,70.49,99.994,very_high,2,2,Yahoo! News,1,2015-10-07T17:59:30,2018-05-25T09:36:04,64X5X,2026-09-20T22:00:02.090984,2026-09-21T12:56:35.440799+00:00
businessinsider.com,businessinsider.com,exact,460,55.62,99.954,very_high,2,1,Business Insider,2,2015-10-07T17:10:59,2023-07-12T12:53:00,64X5X,2026-09-20T22:00:02.090984,2026-09-21T12:56:35.440799+00:00
economictimes.indiatimes.com,indiatimes.com,suffix,517,54.78,99.948,very_high,2,1,Times of India,2,2018-05-25T11:27:16,2023-12-29T05:34:53,64X5X,2026-09-20T22:00:02.090984,2026-09-21T12:56:35.440799+00:00
news.yale.edu,yale.edu,suffix,1163,48.91,99.884,high,2,1,Yale News,2,2018-05-24T15:45:27,2021-10-11T14:00:38,64X5X,2026-09-20T22:00:02.090984,2026-09-21T12:56:35.440799+00:00
smithsonianmag.com,smithsonianmag.com,exact,2723,42.75,99.728,high,2,1,Smithsonian Magazine,2,2018-04-20T15:05:28,2018-05-24T15:13:09,64X5X,2026-09-20T22:00:02.090984,2026-09-21T12:56:35.440799+00:00
yle.fi,yle.fi,exact,3784,40.37,99.622,high,2,1,Yle.fi,2,2018-05-26T13:29:20,2018-10-02T18:34:02,64X5X,2026-09-20T22:00:02.090984,2026-09-21T12:56:35.440799+00:00
popsci.com,popsci.com,exact,4662,38.86,99.534,high,2,1,Popular Science,2,2019-09-17T12:57:24,2022-10-26T15:30:00,64X5X,2026-09-20T22:00:02.090984,2026-09-21T12:56:35.440799+00:00
interestingengineering.com,interestingengineering.com,exact,10377,33.07,98.962,medium,2,1,Interesting Engineering,2,2020-03-21T01:40:34,2022-11-27T08:47:32,64X5X,2026-09-20T22:00:02.090984,2026-09-21T12:56:35.440799+00:00
scitechdaily.com,scitechdaily.com,exact,13613,31.1,98.639,medium,2,1,Scitech Daily,2,2018-05-25T17:57:33,2021-10-17T14:57:59,64X5X,2026-09-20T22:00:02.090984,2026-09-21T12:56:35.440799+00:00
devdiscourse.com,devdiscourse.com,exact,34669,24.33,96.533,medium,2,1,Devdiscourse,2,2022-11-25T04:19:11,2023-12-20T06:46:15,64X5X,2026-09-20T22:00:02.090984,2026-09-21T12:56:35.440799+00:00
zap.aeiou.pt,aeiou.pt,suffix,66282,19.64,93.372,medium,2,1,ZAP,2,2018-05-26T09:00:15,2024-08-03T20:30:00,64X5X,2026-09-20T22:00:02.090984,2026-09-21T12:56:35.440799+00:00
labmanager.com,labmanager.com,exact,119459,15.38,88.054,low,2,1,Lab Manager,2,2018-05-25T04:00:00,2021-11-17T17:10:43,64X5X,2026-09-20T22:00:02.090984,2026-09-21T12:56:35.440799+00:00
scienmag.com,scienmag.com,exact,169507,12.85,83.049,low,2,1,ScienMag,2,2021-11-17T14:10:29,2024-07-31T18:20:19,64X5X,2026-09-20T22:00:02.090984,2026-09-21T12:56:35.440799+00:00
astrobio.net,astrobio.net,exact,201282,11.6,79.872,low,2,1,Astrobiology Magazine,2,2017-09-24T13:05:46,2018-05-29T11:57:06,64X5X,2026-09-20T22:00:02.090984,2026-09-21T12:56:35.440799+00:00
foreignaffairs.co.nz,foreignaffairs.co.nz,exact,471593,5.44,52.841,low,2,1,Foreign Affairs New Zealand,2,2019-09-13T12:29:43,2020-07-20T13:52:52,64X5X,2026-09-20T22:00:02.090984,2026-09-21T12:56:35.440799+00:00
torontotelegraph.com,,unmatched,0,0.0,0.0,unranked,2,1,Toronto Telegraph,2,2022-11-29T06:24:02,2023-12-19T18:39:17,64X5X,2026-09-20T22:00:02.090984,2026-09-21T12:56:35.440799+00:00
us.alertbreakingnews.com,,unmatched,0,0.0,0.0,unranked,2,1,Alert Breaking News - US,2,2022-10-27T18:44:19,2022-10-27T18:44:19,64X5X,2026-09-20T22:00:02.090984,2026-09-21T12:56:35.440799+00:00
ca.finance.yahoo.com,yahoo.com,suffix,59,70.49,99.994,very_high,1,1,Yahoo! Finance Canada,1,2023-07-12T12:53:00,2023-07-12T12:53:00,64X5X,2026-09-20T22:00:02.090984,2026-09-21T12:56:35.440799+00:00
ca.news.yahoo.com,yahoo.com,suffix,59,70.49,99.994,very_high,1,1,Yahoo! News,1,2018-05-24T18:20:22,2018-05-24T18:20:22,64X5X,2026-09-20T22:00:02.090984,2026-09-21T12:56:35.440799+00:00
news.yahoo.com,yahoo.com,suffix,59,70.49,99.994,very_high,1,1,Yahoo! News,1,2015-10-07T17:10:59,2015-10-07T17:10:59,64X5X,2026-09-20T22:00:02.090984,2026-09-21T12:56:35.440799+00:00
yahoo.com,yahoo.com,exact,59,70.49,99.994,very_high,1,1,Yahoo!,1,2018-05-25T18:35:17,2018-05-25T18:35:17,64X5X,2026-09-20T22:00:02.090984,2026-09-21T12:56:35.440799+00:00
nytimes.com,nytimes.com,exact,159,63.31,99.984,very_high,1,1,New York Times,1,2020-03-18T21:27:31,2020-03-18T21:27:31,64X5X,2026-09-20T22:00:02.090984,2026-09-21T12:56:35.440799+00:00
medium.com,medium.com,exact,202,61.58,99.98,very_high,1,1,Medium US,1,2021-06-30T12:36:07,2021-06-30T12:36:07,64X5X,2026-09-20T22:00:02.090984,2026-09-21T12:56:35.440799+00:00
cnn.com,cnn.com,exact,204,61.51,99.98,very_high,1,1,CNN News,1,2018-05-24T15:03:52,2018-05-24T15:03:52,64X5X,2026-09-20T22:00:02.090984,2026-09-21T12:56:35.440799+00:00
welt.de,welt.de,exact,802,51.6,99.92,very_high,1,1,Die Welt,1,2018-05-28T07:21:40,2018-05-28T07:21:40,64X5X,2026-09-20T22:00:02.090984,2026-09-21T12:56:35.440799+00:00
theatlantic.com,theatlantic.com,exact,1035,49.75,99.897,high,1,1,The Atlantic,1,2018-05-24T11:00:00,2018-05-24T11:00:00,64X5X,2026-09-20T22:00:02.090984,2026-09-21T12:56:35.440799+00:00
news.umich.edu,umich.edu,suffix,1055,49.61,99.895,high,1,1,University of Michigan News,1,2021-10-11T13:50:02,2021-10-11T13:50:02,64X5X,2026-09-20T22:00:02.090984,2026-09-21T12:56:35.440799+00:00
nypost.com,nypost.com,exact,1146,49.01,99.886,high,1,1,New York Post,1,2018-05-28T15:16:52,2018-05-28T15:16:52,64X5X,2026-09-20T22:00:02.090984,2026-09-21T12:56:35.440799+00:00
elconfidencial.com,elconfidencial.com,exact,1190,48.74,99.881,high,1,1,El Confidencial,1,2018-05-24T15:00:00,2018-05-24T15:00:00,64X5X,2026-09-20T22:00:02.090984,2026-09-21T12:56:35.440799+00:00
cam.ac.uk,cam.ac.uk,exact,1467,47.23,99.853,high,1,1,University of Cambridge,1,2021-10-14T12:10:32,2021-10-14T12:10:32,64X5X,2026-09-20T22:00:02.090984,2026-09-21T12:56:35.440799+00:00
arstechnica.com,arstechnica.com,exact,1854,45.53,99.815,high,1,1,Arstechnica,1,2015-10-08T16:23:15,2015-10-08T16:23:15,64X5X,2026-09-20T22:00:02.090984,2026-09-21T12:56:35.440799+00:00
sciencemag.org,sciencemag.org,exact,1903,45.34,99.81,high,1,1,Science/AAAS,1,2018-05-24T15:05:00,2018-05-24T15:05:00,64X5X,2026-09-20T22:00:02.090984,2026-09-21T12:56:35.440799+00:00
ria.ru,ria.ru,exact,2261,44.09,99.774,high,1,1,??? ???????,1,2018-05-24T15:34:05,2018-05-24T15:34:05,64X5X,2026-09-20T22:00:02.090984,2026-09-21T12:56:35.440799+00:00
actualidad.rt.com,rt.com,suffix,2558,43.2,99.744,high,1,1,RT Network,1,2018-05-27T13:12:41,2018-05-27T13:12:41,64X5X,2026-09-20T22:00:02.090984,2026-09-21T12:56:35.440799+00:00
animals.howstuffworks.com,howstuffworks.com,suffix,2852,42.41,99.715,high,1,1,HowStuffWorks,1,2018-06-06T18:00:05,2018-06-06T18:00:05,64X5X,2026-09-20T22:00:02.090984,2026-09-21T12:56:35.440799+00:00
newsbreak.com,newsbreak.com,exact,3116,41.77,99.689,high,1,1,Newsbreak,1,2022-10-26T15:30:00,2022-10-26T15:30:00,64X5X,2026-09-20T22:00:02.090984,2026-09-21T12:56:35.440799+00:00
home.bt.com,bt.com,suffix,3119,41.77,99.688,high,1,1,BT News,1,2018-05-24T17:51:25,2018-05-24T17:51:25,64X5X,2026-09-20T22:00:02.090984,2026-09-21T12:56:35.440799+00:00
tagesspiegel.de,tagesspiegel.de,exact,3421,41.1,99.658,high,1,1,Der Tagesspiegel,1,2018-05-24T15:47:07,2018-05-24T15:47:07,64X5X,2026-09-20T22:00:02.090984,2026-09-21T12:56:35.440799+00:00
voanews.com,voanews.com,exact,3874,40.2,99.613,high,1,1,Voice of America,1,2015-10-07T22:22:09,2015-10-07T22:22:09,64X5X,2026-09-20T22:00:02.090984,2026-09-21T12:56:35.440799+00:00
rte.ie,rte.ie,exact,3926,40.1,99.608,high,1,1,RTE Online,1,2022-11-25T06:54:50,2022-11-25T06:54:50,64X5X,2026-09-20T22:00:02.090984,2026-09-21T12:56:35.440799+00:00
business-standard.com,business-standard.com,exact,4260,39.51,99.574,high,1,1,Business Standard,1,2018-05-25T00:00:00,2018-05-25T00:00:00,64X5X,2026-09-20T22:00:02.090984,2026-09-21T12:56:35.440799+00:00
derstandard.at,derstandard.at,exact,4320,39.41,99.568,high,1,1,Der Standard,1,2018-05-24T16:06:37,2018-05-24T16:06:37,64X5X,2026-09-20T22:00:02.090984,2026-09-21T12:56:35.440799+00:00
deccanherald.com,deccanherald.com,exact,5118,38.18,99.488,high,1,1,The Deccan Herald,1,2022-11-25T06:58:47,2022-11-25T06:58:47,64X5X,2026-09-20T22:00:02.090984,2026-09-21T12:56:35.440799+00:00
breitbart.com,breitbart.com,exact,5400,37.79,99.46,high,1,1,Breitbart News Network,1,2017-09-21T17:00:22,2017-09-21T17:00:22,64X5X,2026-09-20T22:00:02.090984,2026-09-21T12:56:35.440799+00:00
upi.com,upi.com,exact,5444,37.73,99.456,high,1,1,UPI.com,1,2017-09-21T16:47:35,2017-09-21T16:47:35,64X5X,2026-09-20T22:00:02.090984,2026-09-21T12:56:35.440799+00:00
ibtimes.com,ibtimes.com,exact,5885,37.17,99.412,high,1,1,International Business Times,1,2018-05-24T15:00:02,2018-05-24T15:00:02,64X5X,2026-09-20T22:00:02.090984,2026-09-21T12:56:35.440799+00:00
gazeta.ru,gazeta.ru,exact,6276,36.71,99.373,high,1,1,Gazeta.ru,1,2018-05-25T16:33:54,2018-05-25T16:33:54,64X5X,2026-09-20T22:00:02.090984,2026-09-21T12:56:35.440799+00:00
svt.se,svt.se,exact,6524,36.42,99.348,high,1,1,SVT,1,2018-05-24T18:52:10,2018-05-24T18:52:10,64X5X,2026-09-20T22:00:02.090984,2026-09-21T12:56:35.440799+00:00
europapress.es,europapress.es,exact,6579,36.36,99.342,high,1,1,Europa Press,1,2018-05-24T15:40:46,2018-05-24T15:40:46,64X5X,2026-09-20T22:00:02.090984,2026-09-21T12:56:35.440799+00:00
spacedaily.com,spacedaily.com,exact,6680,36.25,99.332,high,1,1,Space Daily,1,2018-05-30T14:45:39,2018-05-30T14:45:39,64X5X,2026-09-20T22:00:02.090984,2026-09-21T12:56:35.440799+00:00
blogs.discovermagazine.com,discovermagazine.com,suffix,7315,35.6,99.269,high,1,1,Discover Magazine,1,2018-05-24T15:00:15,2018-05-24T15:00:15,64X5X,2026-09-20T22:00:02.090984,2026-09-21T12:56:35.440799+00:00
sciencenews.org,sciencenews.org,exact,8609,34.42,99.139,high,1,1,Science News,1,2018-05-24T21:44:51,2018-05-24T21:44:51,64X5X,2026-09-20T22:00:02.090984,2026-09-21T12:56:35.440799+00:00
futura-sciences.com,futura-sciences.com,exact,8899,34.18,99.11,high,1,1,Futura-Sciences,1,2018-05-25T14:53:00,2018-05-25T14:53:00,64X5X,2026-09-20T22:00:02.090984,2026-09-21T12:56:35.440799+00:00
meteored.com.ar,meteored.com.ar,exact,9060,34.05,99.094,high,1,1,meteored.com.ar,1,2024-08-14T18:29:55,2024-08-14T18:29:55,64X5X,2026-09-20T22:00:02.090984,2026-09-21T12:56:35.440799+00:00
techtimes.com,techtimes.com,exact,12624,31.65,98.738,medium,1,1,Tech Times,1,2015-10-09T10:06:28,2015-10-09T10:06:28,64X5X,2026-09-20T22:00:02.090984,2026-09-21T12:56:35.440799+00:00
iflscience.com,iflscience.com,exact,12732,31.59,98.727,medium,1,1,Iflscience,1,2023-12-22T11:53:09,2023-12-22T11:53:09,64X5X,2026-09-20T22:00:02.090984,2026-09-21T12:56:35.440799+00:00
philly.com,philly.com,exact,13010,31.43,98.699,medium,1,1,Philly.com,1,2015-10-07T17:00:01,2015-10-07T17:00:01,64X5X,2026-09-20T22:00:02.090984,2026-09-21T12:56:35.440799+00:00
irishexaminer.com,irishexaminer.com,exact,13692,31.06,98.631,medium,1,1,Irish Examiner,1,2018-05-24T15:00:00,2018-05-24T15:00:00,64X5X,2026-09-20T22:00:02.090984,2026-09-21T12:56:35.440799+00:00
demorgen.be,demorgen.be,exact,13717,31.05,98.628,medium,1,1,De Morgen,1,2018-05-29T09:08:25,2018-05-29T09:08:25,64X5X,2026-09-20T22:00:02.090984,2026-09-21T12:56:35.440799+00:00
theprint.in,theprint.in,exact,13888,30.96,98.611,medium,1,1,The Print,1,2022-11-25T04:30:35,2022-11-25T04:30:35,64X5X,2026-09-20T22:00:02.090984,2026-09-21T12:56:35.440799+00:00
taipeitimes.com,taipeitimes.com,exact,16894,29.54,98.311,medium,1,1,Taipei Times,1,2018-06-02T18:44:33,2018-06-02T18:44:33,64X5X,2026-09-20T22:00:02.090984,2026-09-21T12:56:35.440799+00:00
theobjective.com,theobjective.com,exact,17168,29.42,98.283,medium,1,1,TheObjective,1,2022-12-04T02:30:00,2022-12-04T02:30:00,64X5X,2026-09-20T22:00:02.090984,2026-09-21T12:56:35.440799+00:00
the-scientist.com,the-scientist.com,exact,17369,29.34,98.263,medium,1,1,The Scientist Magazine,1,2018-05-24T20:35:50,2018-05-24T20:35:50,64X5X,2026-09-20T22:00:02.090984,2026-09-21T12:56:35.440799+00:00
inquisitr.com,inquisitr.com,exact,18185,29.0,98.182,medium,1,1,The Inquisitr,1,2018-05-27T11:38:48,2018-05-27T11:38:48,64X5X,2026-09-20T22:00:02.090984,2026-09-21T12:56:35.440799+00:00
businessinsider.in,businessinsider.in,exact,18309,28.96,98.169,medium,1,1,Business Insider India,1,2023-07-12T12:54:00,2023-07-12T12:54:00,64X5X,2026-09-20T22:00:02.090984,2026-09-21T12:56:35.440799+00:00
timesofmalta.com,timesofmalta.com,exact,18807,28.76,98.119,medium,1,1,Times of Malta,1,2018-07-01T11:41:14,2018-07-01T11:41:14,64X5X,2026-09-20T22:00:02.090984,2026-09-21T12:56:35.440799+00:00
thefreelibrary.com,thefreelibrary.com,exact,19825,28.38,98.018,medium,1,1,The Free Library,1,2022-11-29T00:00:00,2022-11-29T00:00:00,64X5X,2026-09-20T22:00:02.090984,2026-09-21T12:56:35.440799+00:00
canaltech.com.br,canaltech.com.br,exact,21619,27.75,97.838,medium,1,1,Canaltech,1,2021-10-13T12:10:58,2021-10-13T12:10:58,64X5X,2026-09-20T22:00:02.090984,2026-09-21T12:56:35.440799+00:00
azfamily.com,azfamily.com,exact,21961,27.64,97.804,medium,1,1,azfamily.com,1,2018-05-24T15:02:00,2018-05-24T15:02:00,64X5X,2026-09-20T22:00:02.090984,2026-09-21T12:56:35.440799+00:00
trust.org,trust.org,exact,24208,26.93,97.579,medium,1,1,Thomson Reuters Foundation,1,2015-10-07T17:00:00,2015-10-07T17:00:00,64X5X,2026-09-20T22:00:02.090984,2026-09-21T12:56:35.440799+00:00
businessinsider.com.au,businessinsider.com.au,exact,25503,26.56,97.45,medium,1,1,Business Insider Australia,1,2019-02-27T16:08:39,2019-02-27T16:08:39,64X5X,2026-09-20T22:00:02.090984,2026-09-21T12:56:35.440799+00:00
minnpost.com,minnpost.com,exact,33604,24.56,96.64,medium,1,1,MinnPost,1,2018-05-31T13:38:25,2018-05-31T13:38:25,64X5X,2026-09-20T22:00:02.090984,2026-09-21T12:56:35.440799+00:00
latestly.com,latestly.com,exact,34779,24.31,96.522,medium,1,1,Latestly,1,2022-11-25T04:20:14,2022-11-25T04:20:14,64X5X,2026-09-20T22:00:02.090984,2026-09-21T12:56:35.440799+00:00
siasat.com,siasat.com,exact,34820,24.3,96.518,medium,1,1,The Siasat Daily,1,2018-05-26T06:52:08,2018-05-26T06:52:08,64X5X,2026-09-20T22:00:02.090984,2026-09-21T12:56:35.440799+00:00
timescolonist.com,timescolonist.com,exact,35563,24.15,96.444,medium,1,1,Times Colonist,1,2018-05-27T12:40:00,2018-05-27T12:40:00,64X5X,2026-09-20T22:00:02.090984,2026-09-21T12:56:35.440799+00:00
sott.net,sott.net,exact,41050,23.11,95.895,medium,1,1,Sign of the Times,1,2018-05-28T18:25:00,2018-05-28T18:25:00,64X5X,2026-09-20T22:00:02.090984,2026-09-21T12:56:35.440799+00:00
daijiworld.com,daijiworld.com,exact,42994,22.78,95.701,medium,1,1,Daijiworld.com,1,2018-05-25T09:42:34,2018-05-25T09:42:34,64X5X,2026-09-20T22:00:02.090984,2026-09-21T12:56:35.440799+00:00
arcamax.com,arcamax.com,exact,44697,22.5,95.53,medium,1,1,Arcamax,1,2018-05-25T00:24:48,2018-05-25T00:24:48,64X5X,2026-09-20T22:00:02.090984,2026-09-21T12:56:35.440799+00:00
1tv.ge,1tv.ge,exact,50128,21.67,94.987,medium,1,1,1TV.ge,1,2022-11-25T10:28:30,2022-11-25T10:28:30,64X5X,2026-09-20T22:00:02.090984,2026-09-21T12:56:35.440799+00:00
nkj.ru,nkj.ru,exact,51094,21.53,94.891,medium,1,1,Science and Life Russia,1,2018-05-29T05:04:00,2018-05-29T05:04:00,64X5X,2026-09-20T22:00:02.090984,2026-09-21T12:56:35.440799+00:00
radionz.co.nz,radionz.co.nz,exact,52679,21.31,94.732,medium,1,1,Radio New Zealand,1,2018-05-25T07:37:39,2018-05-25T07:37:39,64X5X,2026-09-20T22:00:02.090984,2026-09-21T12:56:35.440799+00:00
es.paperblog.com,paperblog.com,suffix,53355,21.21,94.665,medium,1,1,Paperblog,1,2018-05-28T04:59:00,2018-05-28T04:59:00,64X5X,2026-09-20T22:00:02.090984,2026-09-21T12:56:35.440799+00:00
businessinsider.nl,businessinsider.nl,exact,58104,20.6,94.19,medium,1,1,Business Insider Nederland,1,2023-07-12T12:53:00,2023-07-12T12:53:00,64X5X,2026-09-20T22:00:02.090984,2026-09-21T12:56:35.440799+00:00
wissenschaft.de,wissenschaft.de,exact,58388,20.56,94.161,medium,1,1,wissenschaft.de,1,2018-05-24T15:00:37,2018-05-24T15:00:37,64X5X,2026-09-20T22:00:02.090984,2026-09-21T12:56:35.440799+00:00
agenciasinc.es,agenciasinc.es,exact,60655,20.29,93.935,medium,1,1,Agencia SINC,1,2015-10-07T17:00:02,2015-10-07T17:00:02,64X5X,2026-09-20T22:00:02.090984,2026-09-21T12:56:35.440799+00:00
scientias.nl,scientias.nl,exact,68642,19.39,93.136,medium,1,1,Scientias,1,2018-05-24T16:54:46,2018-05-24T16:54:46,64X5X,2026-09-20T22:00:02.090984,2026-09-21T12:56:35.440799+00:00
sciencetimes.com,sciencetimes.com,exact,69431,19.31,93.057,medium,1,1,"The Science Times, United States",1,2022-11-26T04:01:20,2022-11-26T04:01:20,64X5X,2026-09-20T22:00:02.090984,2026-09-21T12:56:35.440799+00:00
en.farsnews.com,farsnews.com,suffix,70172,19.23,92.983,medium,1,1,Fars News Agency,1,2018-05-27T08:42:48,2018-05-27T08:42:48,64X5X,2026-09-20T22:00:02.090984,2026-09-21T12:56:35.440799+00:00
guokr.com,guokr.com,exact,71271,19.12,92.873,medium,1,1,Guokr.com,1,2019-09-14T03:47:09,2019-09-14T03:47:09,64X5X,2026-09-20T22:00:02.090984,2026-09-21T12:56:35.440799+00:00
sci.news,sci.news,exact,71993,19.05,92.801,medium,1,1,Sci-News,1,2024-08-02T20:24:47,2024-08-02T20:24:47,64X5X,2026-09-20T22:00:02.090984,2026-09-21T12:56:35.440799+00:00
newkerala.com,newkerala.com,exact,73588,18.89,92.641,medium,1,1,New Kerala,1,2018-05-25T11:44:53,2018-05-25T11:44:53,64X5X,2026-09-20T22:00:02.090984,2026-09-21T12:56:35.440799+00:00
technology.org,technology.org,exact,96303,16.94,90.37,medium,1,1,Technology.org,1,2015-02-13T13:24:39,2015-02-13T13:24:39,64X5X,2026-09-20T22:00:02.090984,2026-09-21T12:56:35.440799+00:00
enn.com,enn.com,exact,96708,16.91,90.329,medium,1,1,Environmental News Network,1,2021-11-17T19:48:28,2021-11-17T19:48:28,64X5X,2026-09-20T22:00:02.090984,2026-09-21T12:56:35.440799+00:00
muyinteresante.es,muyinteresante.es,exact,97131,16.88,90.287,medium,1,1,Muy Interesante,1,2021-10-14T19:53:03,2021-10-14T19:53:03,64X5X,2026-09-20T22:00:02.090984,2026-09-21T12:56:35.440799+00:00
heraldmailmedia.com,heraldmailmedia.com,exact,97860,16.82,90.214,medium,1,1,Herald Mail Media,1,2018-05-24T23:09:00,2018-05-24T23:09:00,64X5X,2026-09-20T22:00:02.090984,2026-09-21T12:56:35.440799+00:00
illvet.se,illvet.se,exact,112971,15.78,88.703,low,1,1,Illustrerad Vetenskap,1,2024-08-05T15:14:43,2024-08-05T15:14:43,64X5X,2026-09-20T22:00:02.090984,2026-09-21T12:56:35.440799+00:00
hirado.hu,hirado.hu,exact,113534,15.75,88.647,low,1,1,Hirado,1,2015-10-13T10:33:00,2015-10-13T10:33:00,64X5X,2026-09-20T22:00:02.090984,2026-09-21T12:56:35.440799+00:00
theeagle.com,theeagle.com,exact,119963,15.35,88.004,low,1,1,The Eagle,1,2018-05-24T23:09:00,2018-05-24T23:09:00,64X5X,2026-09-20T22:00:02.090984,2026-09-21T12:56:35.440799+00:00
nationalgeographic.it,nationalgeographic.it,exact,122308,15.21,87.769,low,1,1,National Geographic,1,2018-05-25T10:46:25,2018-05-25T10:46:25,64X5X,2026-09-20T22:00:02.090984,2026-09-21T12:56:35.440799+00:00
ebiotrade.com,ebiotrade.com,exact,141372,14.16,85.863,low,1,1,Ebiotrade,1,2021-10-15T04:24:12,2021-10-15T04:24:12,64X5X,2026-09-20T22:00:02.090984,2026-09-21T12:56:35.440799+00:00
insidescience.org,insidescience.org,exact,157212,13.39,84.279,low,1,1,Inside Science,1,2018-05-24T14:56:05,2018-05-24T14:56:05,64X5X,2026-09-20T22:00:02.090984,2026-09-21T12:56:35.440799+00:00
bioengineer.org,bioengineer.org,exact,158872,13.32,84.113,low,1,1,Bioengineer.org,1,2021-11-17T14:12:37,2021-11-17T14:12:37,64X5X,2026-09-20T22:00:02.090984,2026-09-21T12:56:35.440799+00:00
greenreport.it,greenreport.it,exact,166727,12.97,83.327,low,1,1,Green Report (Italy),1,2018-05-25T09:00:05,2018-05-25T09:00:05,64X5X,2026-09-20T22:00:02.090984,2026-09-21T12:56:35.440799+00:00
actionnewsnow.com,actionnewsnow.com,exact,180869,12.38,81.913,low,1,1,Action News Now,1,2018-05-24T00:00:00,2018-05-24T00:00:00,64X5X,2026-09-20T22:00:02.090984,2026-09-21T12:56:35.440799+00:00
businessinsider.sg,businessinsider.sg,exact,181649,12.35,81.835,low,1,1,Business Insider Singapore,1,2019-02-27T16:08:39,2019-02-27T16:08:39,64X5X,2026-09-20T22:00:02.090984,2026-09-21T12:56:35.440799+00:00
pnn.de,pnn.de,exact,193393,11.89,80.661,low,1,1,Potsdamer Neueste Nachrichten,1,2018-05-24T15:47:07,2018-05-24T15:47:07,64X5X,2026-09-20T22:00:02.090984,2026-09-21T12:56:35.440799+00:00
sg.hu,sg.hu,exact,295922,8.81,70.408,low,1,1,sg.hu,1,2018-05-29T16:07:28,2018-05-29T16:07:28,64X5X,2026-09-20T22:00:02.090984,2026-09-21T12:56:35.440799+00:00
scienceworldreport.com,scienceworldreport.com,exact,311023,8.45,68.898,low,1,1,Science World Report,1,2015-10-13T19:40:08,2015-10-13T19:40:08,64X5X,2026-09-20T22:00:02.090984,2026-09-21T12:56:35.440799+00:00
evolutionnews.org,evolutionnews.org,exact,316958,8.32,68.304,low,1,1,Evolution News & Science Today,1,2022-08-19T13:47:00,2022-08-19T13:47:00,64X5X,2026-09-20T22:00:02.090984,2026-09-21T12:56:35.440799+00:00
laboratoryequipment.com,laboratoryequipment.com,exact,378193,7.04,62.181,low,1,1,Laboratory Equipment,1,2017-09-22T13:37:02,2017-09-22T13:37:02,64X5X,2026-09-20T22:00:02.090984,2026-09-21T12:56:35.440799+00:00
kopalniawiedzy.pl,kopalniawiedzy.pl,exact,381604,6.97,61.84,low,1,1,Kopalnia Wiedzy,1,2021-10-12T11:34:19,2021-10-12T11:34:19,64X5X,2026-09-20T22:00:02.090984,2026-09-21T12:56:35.440799+00:00
nouvelles-du-monde.com,nouvelles-du-monde.com,exact,434699,6.03,56.53,low,1,1,Nouvelles du monde,1,2024-02-15T05:51:07,2024-02-15T05:51:07,64X5X,2026-09-20T22:00:02.090984,2026-09-21T12:56:35.440799+00:00
southafricatoday.net,southafricatoday.net,exact,443110,5.89,55.689,low,1,1,South Africa Today,1,2022-11-30T18:38:20,2022-11-30T18:38:20,64X5X,2026-09-20T22:00:02.090984,2026-09-21T12:56:35.440799+00:00
healthmedicinet.com,healthmedicinet.com,exact,547171,4.36,45.283,low,1,1,Health Medicinet,1,2014-10-15T06:23:58,2014-10-15T06:23:58,64X5X,2026-09-20T22:00:02.090984,2026-09-21T12:56:35.440799+00:00
free-mail.co.za,free-mail.co.za,exact,585263,3.88,41.474,low,1,1,Free Mail South Africa,1,2023-12-20T01:00:19,2023-12-20T01:00:19,64X5X,2026-09-20T22:00:02.090984,2026-09-21T12:56:35.440799+00:00
myscience.org,myscience.org,exact,595960,3.75,40.404,low,1,1,My Science,1,2017-09-21T07:00:06,2017-09-21T07:00:06,64X5X,2026-09-20T22:00:02.090984,2026-09-21T12:56:35.440799+00:00
vervetimes.com,vervetimes.com,exact,692935,2.66,30.707,low,1,1,Verve times,1,2022-11-25T05:33:41,2022-11-25T05:33:41,64X5X,2026-09-20T22:00:02.090984,2026-09-21T12:56:35.440799+00:00
canindia.com,canindia.com,exact,888948,0.85,11.105,low,1,1,CanIndia,1,2018-05-25T09:36:00,2018-05-25T09:36:00,64X5X,2026-09-20T22:00:02.090984,2026-09-21T12:56:35.440799+00:00
uktimenews.com,uktimenews.com,exact,926190,0.55,7.381,low,1,1,UK Time News,1,2022-11-25T05:02:03,2022-11-25T05:02:03,64X5X,2026-09-20T22:00:02.090984,2026-09-21T12:56:35.440799+00:00
bilbao24horas.com,,unmatched,0,0.0,0.0,unranked,1,1,Bilbao24horas,1,2022-12-04T08:03:51,2022-12-04T08:03:51,64X5X,2026-09-20T22:00:02.090984,2026-09-21T12:56:35.440799+00:00
cambiopolitico.com,,unmatched,0,0.0,0.0,unranked,1,1,Cambio Político,1,2022-12-01T22:11:33,2022-12-01T22:11:33,64X5X,2026-09-20T22:00:02.090984,2026-09-21T12:56:35.440799+00:00
chitchatpost.com,,unmatched,0,0.0,0.0,unranked,1,1,ChitChat Post Espana,1,2024-08-14T01:05:52,2024-08-14T01:05:52,64X5X,2026-09-20T22:00:02.090984,2026-09-21T12:56:35.440799+00:00
cikavosti.com,,unmatched,0,0.0,0.0,unranked,1,1,CIKAVOSTI,1,2024-08-15T16:34:27,2024-08-15T16:34:27,64X5X,2026-09-20T22:00:02.090984,2026-09-21T12:56:35.440799+00:00
dclm.es,,unmatched,0,0.0,0.0,unranked,1,1,dclm,1,2022-12-04T12:11:46,2022-12-04T12:11:46,64X5X,2026-09-20T22:00:02.090984,2026-09-21T12:56:35.440799+00:00
elportaluco.com,,unmatched,0,0.0,0.0,unranked,1,1,El Portaluco,1,2022-12-04T05:41:01,2022-12-04T05:41:01,64X5X,2026-09-20T22:00:02.090984,2026-09-21T12:56:35.440799+00:00
longroom.com,,unmatched,0,0.0,0.0,unranked,1,1,Long Room,1,2018-05-24T19:15:53,2018-05-24T19:15:53,64X5X,2026-09-20T22:00:02.090984,2026-09-21T12:56:35.440799+00:00
madriddigital24horas.com,,unmatched,0,0.0,0.0,unranked,1,1,Madriddigital24horas,1,2022-12-04T11:09:48,2022-12-04T11:09:48,64X5X,2026-09-20T22:00:02.090984,2026-09-21T12:56:35.440799+00:00
mandarinian.news,,unmatched,0,0.0,0.0,unranked,1,1,Mandarinian,1,2025-05-10T22:13:28,2025-05-10T22:13:28,64X5X,2026-09-20T22:00:02.090984,2026-09-21T12:56:35.440799+00:00
newslanes.com,,unmatched,0,0.0,0.0,unranked,1,1,Newslanes,1,2022-11-25T06:24:20,2022-11-25T06:24:20,64X5X,2026-09-20T22:00:02.090984,2026-09-21T12:56:35.440799+00:00
nipponese.news,,unmatched,0,0.0,0.0,unranked,1,1,Nipponese.news,1,2024-08-18T10:03:01,2024-08-18T10:03:01,64X5X,2026-09-20T22:00:02.090984,2026-09-21T12:56:35.440799+00:00
noticiasdelatierra.com,,unmatched,0,0.0,0.0,unranked,1,1,Noticias de la tierra,1,2024-04-08T15:39:30,2024-04-08T15:39:30,64X5X,2026-09-20T22:00:02.090984,2026-09-21T12:56:35.440799+00:00
presseraum.at,,unmatched,0,0.0,0.0,unranked,1,1,Presseraum,1,2022-11-25T13:18:01,2022-11-25T13:18:01,64X5X,2026-09-20T22:00:02.090984,2026-09-21T12:56:35.440799+00:00
swifttelecast.com,,unmatched,0,0.0,0.0,unranked,1,1,Swift Telecast,1,2022-11-26T17:13:24,2022-11-26T17:13:24,64X5X,2026-09-20T22:00:02.090984,2026-09-21T12:56:35.440799+00:00
technologytimes.pk,,unmatched,0,0.0,0.0,unranked,1,1,Technology Times,1,2021-10-12T19:06:21,2021-10-12T19:06:21,64X5X,2026-09-20T22:00:02.090984,2026-09-21T12:56:35.440799+00:00
todayuknews.com,,unmatched,0,0.0,0.0,unranked,1,1,Today UK News,1,2022-11-26T22:24:01,2022-11-26T22:24:01,64X5X,2026-09-20T22:00:02.090984,2026-09-21T12:56:35.440799+00:00
trueviralnews.com,,unmatched,0,0.0,0.0,unranked,1,1,True Viral News,1,2021-10-11T18:38:02,2021-10-11T18:38:02,64X5X,2026-09-20T22:00:02.090984,2026-09-21T12:56:35.440799+00:00
w2.technobahn.com,,unmatched,0,0.0,0.0,unranked,1,1,Technobahn,1,2015-02-12T17:11:00,2015-02-12T17:11:00,64X5X,2026-09-20T22:00:02.090984,2026-09-21T12:56:35.440799+00:00
