domain,mentions,ranked_mentions,rank_coverage_rate,mean_reach_score_at_date,median_reach_score_at_date,mean_tranco_rank_at_date,median_tranco_rank_at_date,best_tranco_rank_at_date,worst_tranco_rank_at_date,primary_match_type,unique_snapshot_periods,unique_tranco_lists,top_outlet,top_outlet_mentions,first_mention_date,last_mention_date,latest_tranco_rank,latest_reach_score,latest_tranco_list_id
feedproxy.google.com,7,7,1.0,100.0,100.0,1,1,1,1,suffix,5,2,Technology.org,3,2015-10-14T01:10:13,2021-10-15T18:43:11,1,100.0,647LX
news.google.com,5,5,1.0,100.0,100.0,1,1,1,1,suffix,4,4,Google News,5,2019-09-13T12:16:00,2022-11-26T17:10:01,1,100.0,647LX
in.news.yahoo.com,2,2,1.0,81.43,81.43,13,13,13,13,suffix,2,1,Yahoo! News India,1,2015-10-07T17:59:30,2018-05-25T09:36:04,60,70.36,647LX
ca.news.yahoo.com,1,1,1.0,81.43,81.43,13,13,13,13,suffix,1,1,Yahoo! News,1,2018-05-24T18:20:22,2018-05-24T18:20:22,60,70.36,647LX
news.yahoo.com,1,1,1.0,81.43,81.43,13,13,13,13,suffix,1,1,Yahoo! News,1,2015-10-07T17:10:59,2015-10-07T17:10:59,60,70.36,647LX
yahoo.com,1,1,1.0,81.43,81.43,13,13,13,13,exact,1,1,Yahoo!,1,2018-05-25T18:35:17,2018-05-25T18:35:17,60,70.36,647LX
uk.news.yahoo.com,7,7,1.0,78.97,81.43,20,13,13,40,suffix,5,4,Yahoo! News,7,2018-05-24T15:00:00,2023-12-19T16:53:46,60,70.36,647LX
ca.finance.yahoo.com,1,1,1.0,74.69,74.69,33,33,33,33,suffix,1,1,Yahoo! Finance Canada,1,2023-07-12T12:53:00,2023-07-12T12:53:00,60,70.36,647LX
msn.com,6,6,1.0,72.585,73.06,49,44,28,80,exact,4,4,MSN,6,2018-05-25T12:53:52,2023-12-20T20:34:55,72,69.04,647LX
nytimes.com,1,1,1.0,70.36,70.36,60,60,60,60,exact,1,1,New York Times,1,2020-03-18T21:27:31,2020-03-18T21:27:31,158,63.36,647LX
medium.com,1,1,1.0,70.01,70.01,63,63,63,63,exact,1,1,Medium US,1,2021-06-30T12:36:07,2021-06-30T12:36:07,204,61.51,647LX
cnn.com,1,1,1.0,68.56,68.56,77,77,77,77,exact,1,1,CNN News,1,2018-05-24T15:03:52,2018-05-24T15:03:52,205,61.47,647LX
businessinsider.com,2,2,1.0,61.605,61.605,224,224,125,324,exact,2,2,Business Insider,2,2015-10-07T17:10:59,2023-07-12T12:53:00,457,55.67,647LX
news.cornell.edu,3,3,1.0,58.05,57.72,329,344,300,344,suffix,3,2,Cornell Chronicle,3,2017-09-21T16:09:02,2021-10-11T14:10:00,578,53.97,647LX
economictimes.indiatimes.com,2,2,1.0,56.31,56.31,490,490,234,747,suffix,2,2,Times of India,2,2018-05-25T11:27:16,2023-12-29T05:34:53,525,54.66,647LX
news.umich.edu,1,1,1.0,55.96,55.96,439,439,439,439,suffix,1,1,University of Michigan News,1,2021-10-11T13:50:02,2021-10-11T13:50:02,1013,49.91,647LX
theatlantic.com,1,1,1.0,55.78,55.78,450,450,450,450,exact,1,1,The Atlantic,1,2018-05-24T11:00:00,2018-05-24T11:00:00,1036,49.74,647LX
actualidad.rt.com,1,1,1.0,55.76,55.76,451,451,451,451,suffix,1,1,RT Network,1,2018-05-27T13:12:41,2018-05-27T13:12:41,2603,43.08,647LX
news.yale.edu,2,2,1.0,54.74,54.74,522,522,473,571,suffix,2,2,Yale News,2,2018-05-24T15:45:27,2021-10-11T14:00:38,1162,48.91,647LX
nypost.com,1,1,1.0,54.54,54.54,534,534,534,534,exact,1,1,New York Post,1,2018-05-28T15:16:52,2018-05-28T15:16:52,1155,48.96,647LX
sciencemag.org,1,1,1.0,54.16,54.16,563,563,563,563,exact,1,1,Science/AAAS,1,2018-05-24T15:05:00,2018-05-24T15:05:00,2016,44.93,647LX
arstechnica.com,1,1,1.0,53.87,53.87,586,586,586,586,exact,1,1,Arstechnica,1,2015-10-08T16:23:15,2015-10-08T16:23:15,1877,45.44,647LX
sciencedaily.com,6,6,1.0,53.6267,52.74,615,685,474,685,exact,5,2,Science Daily,6,2014-10-14T19:26:37,2021-11-17T15:01:31,1915,45.3,647LX
cam.ac.uk,1,1,1.0,53.51,53.51,616,616,616,616,exact,1,1,University of Cambridge,1,2021-10-14T12:10:32,2021-10-14T12:10:32,1508,47.03,647LX
breitbart.com,1,1,1.0,53.32,53.32,632,632,632,632,exact,1,1,Breitbart News Network,1,2017-09-21T17:00:22,2017-09-21T17:00:22,5404,37.79,647LX
animals.howstuffworks.com,1,1,1.0,52.06,52.06,752,752,752,752,suffix,1,1,HowStuffWorks,1,2018-06-06T18:00:05,2018-06-06T18:00:05,2838,42.45,647LX
theconversation.com,9,9,1.0,50.9478,50.01,890,998,587,1005,exact,6,5,The Conversation,9,2018-05-24T15:08:08,2024-02-15T05:11:12,1185,48.77,647LX
upi.com,1,1,1.0,50.84,50.84,890,890,890,890,exact,1,1,UPI.com,1,2017-09-21T16:47:35,2017-09-21T16:47:35,5406,37.79,647LX
sciencealert.com,3,3,1.0,50.0233,53.31,1609,633,414,3780,exact,3,3,Science Alert,3,2018-05-25T03:38:55,2022-11-25T06:16:58,5643,37.47,647LX
phys.org,11,11,1.0,49.8991,51.73,1099,787,787,2583,exact,10,5,Phys.org,11,2014-10-14T19:19:16,2023-12-20T18:19:09,2928,42.22,647LX
ria.ru,1,1,1.0,49.76,49.76,1034,1034,1034,1034,exact,1,1,??? ???????,1,2018-05-24T15:34:05,2018-05-24T15:34:05,2401,43.66,647LX
smithsonianmag.com,2,2,1.0,47.81,47.81,1354,1354,1354,1354,exact,1,1,Smithsonian Magazine,2,2018-04-20T15:05:28,2018-05-24T15:13:09,2758,42.66,647LX
ibtimes.com,1,1,1.0,47.06,47.06,1501,1501,1501,1501,exact,1,1,International Business Times,1,2018-05-24T15:00:02,2018-05-24T15:00:02,5908,37.14,647LX
welt.de,1,1,1.0,46.71,46.71,1575,1575,1575,1575,exact,1,1,Die Welt,1,2018-05-28T07:21:40,2018-05-28T07:21:40,804,51.58,647LX
voanews.com,1,1,1.0,46.2,46.2,1690,1690,1690,1690,exact,1,1,Voice of America,1,2015-10-07T22:22:09,2015-10-07T22:22:09,3800,40.34,647LX
eurekalert.org,7,7,1.0,46.0486,45.69,1739,1815,1283,1815,exact,6,2,EurekAlert!,7,2014-10-14T04:00:00,2021-11-17T14:09:24,4474,39.16,647LX
gazeta.ru,1,1,1.0,45.58,45.58,1842,1842,1842,1842,exact,1,1,Gazeta.ru,1,2018-05-25T16:33:54,2018-05-25T16:33:54,6254,36.73,647LX
popsci.com,2,2,1.0,44.45,44.45,2220,2220,1679,2761,exact,2,2,Popular Science,2,2019-09-17T12:57:24,2022-10-26T15:30:00,4560,39.02,647LX
home.bt.com,1,1,1.0,44.31,44.31,2195,2195,2195,2195,suffix,1,1,BT News,1,2018-05-24T17:51:25,2018-05-24T17:51:25,2903,42.29,647LX
en.farsnews.com,1,1,1.0,44.21,44.21,2225,2225,2225,2225,suffix,1,1,Fars News Agency,1,2018-05-27T08:42:48,2018-05-27T08:42:48,67823,19.48,647LX
philly.com,1,1,1.0,43.78,43.78,2363,2363,2363,2363,exact,1,1,Philly.com,1,2015-10-07T17:00:01,2015-10-07T17:00:01,13339,31.25,647LX
business-standard.com,1,1,1.0,43.51,43.51,2450,2450,2450,2450,exact,1,1,Business Standard,1,2018-05-25T00:00:00,2018-05-25T00:00:00,3913,40.12,647LX
inverse.com,3,3,1.0,43.4733,39.78,3282,4104,727,5016,exact,3,3,Inverse,3,2018-05-24T15:00:00,2022-12-04T20:00:25,11413,32.38,647LX
inquisitr.com,1,1,1.0,42.98,42.98,2638,2638,2638,2638,exact,1,1,The Inquisitr,1,2018-05-27T11:38:48,2018-05-27T11:38:48,18391,28.92,647LX
yle.fi,2,2,1.0,41.13,41.13,3407,3407,3407,3407,exact,2,1,Yle.fi,2,2018-05-26T13:29:20,2018-10-02T18:34:02,3697,40.54,647LX
elconfidencial.com,1,1,1.0,41.13,41.13,3406,3406,3406,3406,exact,1,1,El Confidencial,1,2018-05-24T15:00:00,2018-05-24T15:00:00,1194,48.72,647LX
firstpost.com,3,3,1.0,40.7,41.91,3722,3057,3057,5052,exact,3,2,Firstpost,3,2015-10-07T19:15:56,2022-11-25T07:59:21,8969,34.12,647LX
blogs.discovermagazine.com,1,1,1.0,40.12,40.12,3914,3914,3914,3914,suffix,1,1,Discover Magazine,1,2018-05-24T15:00:15,2018-05-24T15:00:15,7563,35.36,647LX
businessinsider.com.au,1,1,1.0,39.86,39.86,4058,4058,4058,4058,exact,1,1,Business Insider Australia,1,2019-02-27T16:08:39,2019-02-27T16:08:39,25527,26.55,647LX
trust.org,1,1,1.0,39.57,39.57,4226,4226,4226,4226,exact,1,1,Thomson Reuters Foundation,1,2015-10-07T17:00:00,2015-10-07T17:00:00,24281,26.91,647LX
sciencenews.org,1,1,1.0,39.37,39.37,4342,4342,4342,4342,exact,1,1,Science News,1,2018-05-24T21:44:51,2018-05-24T21:44:51,8531,34.48,647LX
derstandard.at,1,1,1.0,39.35,39.35,4356,4356,4356,4356,exact,1,1,Der Standard,1,2018-05-24T16:06:37,2018-05-24T16:06:37,4228,39.56,647LX
rte.ie,1,1,1.0,39.2,39.2,4445,4445,4445,4445,exact,1,1,RTE Online,1,2022-11-25T06:54:50,2022-11-25T06:54:50,3835,40.27,647LX
tagesspiegel.de,1,1,1.0,39.08,39.08,4518,4518,4518,4518,exact,1,1,Der Tagesspiegel,1,2018-05-24T15:47:07,2018-05-24T15:47:07,3344,41.26,647LX
techtimes.com,1,1,1.0,38.42,38.42,4955,4955,4955,4955,exact,1,1,Tech Times,1,2015-10-09T10:06:28,2015-10-09T10:06:28,12674,31.62,647LX
arcamax.com,1,1,1.0,37.83,37.83,5376,5376,5376,5376,exact,1,1,Arcamax,1,2018-05-25T00:24:48,2018-05-25T00:24:48,45751,22.33,647LX
azfamily.com,1,1,1.0,37.43,37.43,5676,5676,5676,5676,exact,1,1,azfamily.com,1,2018-05-24T15:02:00,2018-05-24T15:02:00,21317,27.85,647LX
europapress.es,1,1,1.0,37.41,37.41,5695,5695,5695,5695,exact,1,1,Europa Press,1,2018-05-24T15:40:46,2018-05-24T15:40:46,6533,36.41,647LX
businessinsider.in,1,1,1.0,36.9,36.9,6112,6112,6112,6112,exact,1,1,Business Insider India,1,2023-07-12T12:54:00,2023-07-12T12:54:00,18441,28.9,647LX
svt.se,1,1,1.0,36.58,36.58,6388,6388,6388,6388,exact,1,1,SVT,1,2018-05-24T18:52:10,2018-05-24T18:52:10,6293,36.69,647LX
newsbreak.com,1,1,1.0,36.49,36.49,6462,6462,6462,6462,exact,1,1,Newsbreak,1,2022-10-26T15:30:00,2022-10-26T15:30:00,3135,41.73,647LX
rawstory.com,8,8,1.0,36.4325,36.54,6517,6418,6418,6815,exact,2,2,The Raw Story,8,2022-11-25T03:37:42,2023-12-27T12:52:43,9170,33.96,647LX
iflscience.com,1,1,1.0,36.35,36.35,6592,6592,6592,6592,exact,1,1,Iflscience,1,2023-12-22T11:53:09,2023-12-22T11:53:09,13049,31.41,647LX
timesofmalta.com,1,1,1.0,35.95,35.95,6966,6966,6966,6966,exact,1,1,Times of Malta,1,2018-07-01T11:41:14,2018-07-01T11:41:14,19033,28.67,647LX
irishexaminer.com,1,1,1.0,35.81,35.81,7104,7104,7104,7104,exact,1,1,Irish Examiner,1,2018-05-24T15:00:00,2018-05-24T15:00:00,13949,30.92,647LX
deccanherald.com,1,1,1.0,35.56,35.56,7350,7350,7350,7350,exact,1,1,The Deccan Herald,1,2022-11-25T06:58:47,2022-11-25T06:58:47,5101,38.21,647LX
interestingengineering.com,2,2,1.0,35.545,35.545,7396,7396,6742,8050,exact,2,2,Interesting Engineering,2,2020-03-21T01:40:34,2022-11-27T08:47:32,10498,32.98,647LX
guokr.com,1,1,1.0,35.12,35.12,7815,7815,7815,7815,exact,1,1,Guokr.com,1,2019-09-14T03:47:09,2019-09-14T03:47:09,70084,19.24,647LX
newswise.com,4,4,1.0,34.85,34.85,8337,8337,6402,10272,exact,3,2,Newswise,4,2015-10-12T20:05:00,2021-11-17T00:00:00,20116,28.27,647LX
the-scientist.com,1,1,1.0,34.83,34.83,8129,8129,8129,8129,exact,1,1,The Scientist Magazine,1,2018-05-24T20:35:50,2018-05-24T20:35:50,17033,29.48,647LX
minnpost.com,1,1,1.0,34.37,34.37,8664,8664,8664,8664,exact,1,1,MinnPost,1,2018-05-31T13:38:25,2018-05-31T13:38:25,33392,24.61,647LX
theprint.in,1,1,1.0,33.95,33.95,9178,9178,9178,9178,exact,1,1,The Print,1,2022-11-25T04:30:35,2022-11-25T04:30:35,13933,30.93,647LX
meteored.com.ar,1,1,1.0,33.88,33.88,9275,9275,9275,9275,exact,1,1,meteored.com.ar,1,2024-08-14T18:29:55,2024-08-14T18:29:55,8993,34.1,647LX
taipeitimes.com,1,1,1.0,33.62,33.62,9618,9618,9618,9618,exact,1,1,Taipei Times,1,2018-06-02T18:44:33,2018-06-02T18:44:33,16786,29.58,647LX
futura-sciences.com,1,1,1.0,33.09,33.09,10346,10346,10346,10346,exact,1,1,Futura-Sciences,1,2018-05-25T14:53:00,2018-05-25T14:53:00,8793,34.26,647LX
radionz.co.nz,1,1,1.0,32.81,32.81,10756,10756,10756,10756,exact,1,1,Radio New Zealand,1,2018-05-25T07:37:39,2018-05-25T07:37:39,50524,21.61,647LX
thefreelibrary.com,1,1,1.0,32.51,32.51,11210,11210,11210,11210,exact,1,1,The Free Library,1,2022-11-29T00:00:00,2022-11-29T00:00:00,19903,28.35,647LX
canaltech.com.br,1,1,1.0,31.61,31.61,12683,12683,12683,12683,exact,1,1,Canaltech,1,2021-10-13T12:10:58,2021-10-13T12:10:58,30688,25.22,647LX
sott.net,1,1,1.0,31.47,31.47,12934,12934,12934,12934,exact,1,1,Sign of the Times,1,2018-05-28T18:25:00,2018-05-28T18:25:00,39141,23.46,647LX
futurity.org,3,3,1.0,30.55,29.74,14868,16431,11741,16431,exact,3,2,Futurity,3,2015-10-08T15:42:52,2021-11-03T17:55:49,39645,23.36,647LX
timescolonist.com,1,1,1.0,30.45,30.45,14902,14902,14902,14902,exact,1,1,Times Colonist,1,2018-05-27T12:40:00,2018-05-27T12:40:00,34416,24.39,647LX
muyinteresante.es,1,1,1.0,30.02,30.02,15805,15805,15805,15805,exact,1,1,Muy Interesante,1,2021-10-14T19:53:03,2021-10-14T19:53:03,98578,16.77,647LX
latestly.com,1,1,1.0,29.62,29.62,16692,16692,16692,16692,exact,1,1,Latestly,1,2022-11-25T04:20:14,2022-11-25T04:20:14,32141,24.88,647LX
scitechdaily.com,2,2,1.0,28.97,28.97,23014,23014,9026,37001,exact,2,2,Scitech Daily,2,2018-05-25T17:57:33,2021-10-17T14:57:59,13666,31.07,647LX
es.paperblog.com,1,1,1.0,28.6,28.6,19240,19240,19240,19240,suffix,1,1,Paperblog,1,2018-05-28T04:59:00,2018-05-28T04:59:00,47332,22.08,647LX
sci-news.com,3,3,1.0,28.01,28.01,20851,20851,20851,20851,exact,3,1,Sci-News,3,2014-10-21T10:01:02,2017-09-22T10:46:25,110349,15.95,647LX
heraldmailmedia.com,1,1,1.0,28.01,28.01,20852,20852,20852,20852,exact,1,1,Herald Mail Media,1,2018-05-24T23:09:00,2018-05-24T23:09:00,88863,17.52,647LX
businessinsider.sg,1,1,1.0,27.99,27.99,20920,20920,20920,20920,exact,1,1,Business Insider Singapore,1,2019-02-27T16:08:39,2019-02-27T16:08:39,175577,12.59,647LX
demorgen.be,1,1,1.0,27.94,27.94,21061,21061,21061,21061,exact,1,1,De Morgen,1,2018-05-29T09:08:25,2018-05-29T09:08:25,13811,31.0,647LX
devdiscourse.com,2,2,1.0,27.815,27.815,22084,22084,16771,27397,exact,2,2,Devdiscourse,2,2022-11-25T04:19:11,2023-12-20T06:46:15,34251,24.42,647LX
spacedaily.com,1,1,1.0,27.77,27.77,21566,21566,21566,21566,exact,1,1,Space Daily,1,2018-05-30T14:45:39,2018-05-30T14:45:39,6669,36.27,647LX
newkerala.com,1,1,1.0,27.45,27.45,22541,22541,22541,22541,exact,1,1,New Kerala,1,2018-05-25T11:44:53,2018-05-25T11:44:53,75853,18.67,647LX
miragenews.com,4,4,1.0,26.98,26.98,24053,24053,24053,24053,exact,1,1,Mirage News,4,2021-10-11T14:09:36,2021-11-17T14:08:13,36622,23.94,647LX
businessinsider.nl,1,1,1.0,25.8,25.8,28315,28315,28315,28315,exact,1,1,Business Insider Nederland,1,2023-07-12T12:53:00,2023-07-12T12:53:00,53545,21.19,647LX
theeagle.com,1,1,1.0,25.53,25.53,29407,29407,29407,29407,exact,1,1,The Eagle,1,2018-05-24T23:09:00,2018-05-24T23:09:00,122311,15.21,647LX
enn.com,1,1,1.0,25.07,25.07,31325,31325,31325,31325,exact,1,1,Environmental News Network,1,2021-11-17T19:48:28,2021-11-17T19:48:28,96697,16.91,647LX
nkj.ru,1,1,1.0,24.52,24.52,33798,33798,33798,33798,exact,1,1,Science and Life Russia,1,2018-05-29T05:04:00,2018-05-29T05:04:00,49919,21.7,647LX
sciencetimes.com,1,1,1.0,24.0,24.0,36311,36311,36311,36311,exact,1,1,"The Science Times, United States",1,2022-11-26T04:01:20,2022-11-26T04:01:20,69094,19.34,647LX
siasat.com,1,1,1.0,23.49,23.49,38964,38964,38964,38964,exact,1,1,The Siasat Daily,1,2018-05-26T06:52:08,2018-05-26T06:52:08,33344,24.62,647LX
insidescience.org,1,1,1.0,23.36,23.36,39640,39640,39640,39640,exact,1,1,Inside Science,1,2018-05-24T14:56:05,2018-05-24T14:56:05,151333,13.67,647LX
ct.moreover.com,44,44,1.0,22.4234,22.32,45172,45793,41273,45793,suffix,3,3,Yahoo!,3,2024-02-23T14:45:00,2025-05-25T01:32:00,57536,20.67,647LX
zap.aeiou.pt,2,2,1.0,22.27,22.27,46834,46834,38766,54903,suffix,2,2,ZAP,2,2018-05-26T09:00:15,2024-08-03T20:30:00,52395,21.35,647LX
agenciasinc.es,1,1,1.0,22.27,22.27,46088,46088,46088,46088,exact,1,1,Agencia SINC,1,2015-10-07T17:00:02,2015-10-07T17:00:02,66222,19.65,647LX
daijiworld.com,1,1,1.0,21.91,21.91,48478,48478,48478,48478,exact,1,1,Daijiworld.com,1,2018-05-25T09:42:34,2018-05-25T09:42:34,41754,22.99,647LX
astrobio.net,2,2,1.0,21.48,21.48,51445,51445,51445,51445,exact,2,1,Astrobiology Magazine,2,2017-09-24T13:05:46,2018-05-29T11:57:06,197201,11.75,647LX
wissenschaft.de,1,1,1.0,21.24,21.24,53134,53134,53134,53134,exact,1,1,wissenschaft.de,1,2018-05-24T15:00:37,2018-05-24T15:00:37,56237,20.83,647LX
naked-science.ru,3,3,1.0,21.0167,20.09,55708,62334,42456,62334,exact,3,2,Naked Science,3,2018-05-25T06:27:30,2021-10-14T09:55:49,17203,29.41,647LX
actionnewsnow.com,1,1,1.0,20.79,20.79,56539,56539,56539,56539,exact,1,1,Action News Now,1,2018-05-24T00:00:00,2018-05-24T00:00:00,201245,11.6,647LX
theobjective.com,1,1,1.0,20.52,20.52,58721,58721,58721,58721,exact,1,1,TheObjective,1,2022-12-04T02:30:00,2022-12-04T02:30:00,16905,29.53,647LX
scienceworldreport.com,1,1,1.0,19.82,19.82,64708,64708,64708,64708,exact,1,1,Science World Report,1,2015-10-13T19:40:08,2015-10-13T19:40:08,293468,8.87,647LX
laboratoryequipment.com,1,1,1.0,19.5,19.5,67564,67564,67564,67564,exact,1,1,Laboratory Equipment,1,2017-09-22T13:37:02,2017-09-22T13:37:02,349207,7.62,647LX
1tv.ge,1,1,1.0,18.25,18.25,80360,80360,80360,80360,exact,1,1,1TV.ge,1,2022-11-25T10:28:30,2022-11-25T10:28:30,49430,21.77,647LX
sg.hu,1,1,1.0,18.16,18.16,81346,81346,81346,81346,exact,1,1,sg.hu,1,2018-05-29T16:07:28,2018-05-29T16:07:28,264810,9.62,647LX
hirado.hu,1,1,1.0,17.93,17.93,83934,83934,83934,83934,exact,1,1,Hirado,1,2015-10-13T10:33:00,2015-10-13T10:33:00,117686,15.49,647LX
nationalgeographic.it,1,1,1.0,17.56,17.56,88397,88397,88397,88397,exact,1,1,National Geographic,1,2018-05-25T10:46:25,2018-05-25T10:46:25,144889,13.98,647LX
labmanager.com,2,2,1.0,17.5,17.5,90349,90349,75582,105116,exact,2,2,Lab Manager,2,2018-05-25T04:00:00,2021-11-17T17:10:43,119996,15.35,647LX
evolutionnews.org,1,1,1.0,17.28,17.28,91923,91923,91923,91923,exact,1,1,Evolution News & Science Today,1,2022-08-19T13:47:00,2022-08-19T13:47:00,229352,10.66,647LX
pnn.de,1,1,1.0,16.05,16.05,108955,108955,108955,108955,exact,1,1,Potsdamer Neueste Nachrichten,1,2018-05-24T15:47:07,2018-05-24T15:47:07,192098,11.94,647LX
longroom.com,1,1,1.0,15.57,15.57,116413,116413,116413,116413,exact,1,1,Long Room,1,2018-05-24T19:15:53,2018-05-24T19:15:53,0,0.0,647LX
technology.org,1,1,1.0,15.02,15.02,125581,125581,125581,125581,exact,1,1,Technology.org,1,2015-02-13T13:24:39,2015-02-13T13:24:39,85725,17.78,647LX
todayuknews.com,1,1,1.0,14.97,14.97,126379,126379,126379,126379,exact,1,1,Today UK News,1,2022-11-26T22:24:01,2022-11-26T22:24:01,0,0.0,647LX
sci.news,1,1,1.0,14.15,14.15,141618,141618,141618,141618,exact,1,1,Sci-News,1,2024-08-02T20:24:47,2024-08-02T20:24:47,68691,19.39,647LX
vervetimes.com,1,1,1.0,13.97,13.97,145140,145140,145140,145140,exact,1,1,Verve times,1,2022-11-25T05:33:41,2022-11-25T05:33:41,595933,3.75,647LX
technologytimes.pk,1,1,1.0,13.62,13.62,152262,152262,152262,152262,exact,1,1,Technology Times,1,2021-10-12T19:06:21,2021-10-12T19:06:21,0,0.0,647LX
ebiotrade.com,1,1,1.0,13.55,13.55,153846,153846,153846,153846,exact,1,1,Ebiotrade,1,2021-10-15T04:24:12,2021-10-15T04:24:12,156610,13.42,647LX
scientias.nl,1,1,1.0,12.2,12.2,185460,185460,185460,185460,exact,1,1,Scientias,1,2018-05-24T16:54:46,2018-05-24T16:54:46,98327,16.79,647LX
sciencenewsline.com,3,3,1.0,11.93,11.93,192383,192383,192383,192383,exact,3,1,Science Newsline,3,2015-02-12T17:11:00,2017-09-22T15:40:00,866683,1.04,647LX
scienmag.com,2,2,1.0,11.2,11.2,240052,240052,128890,351213,exact,2,2,ScienMag,2,2021-11-17T14:10:29,2024-07-31T18:20:19,158137,13.35,647LX
greenreport.it,1,1,1.0,10.26,10.26,242488,242488,242488,242488,exact,1,1,Green Report (Italy),1,2018-05-25T09:00:05,2018-05-25T09:00:05,155682,13.46,647LX
kopalniawiedzy.pl,1,1,1.0,9.29,9.29,277088,277088,277088,277088,exact,1,1,Kopalnia Wiedzy,1,2021-10-12T11:34:19,2021-10-12T11:34:19,298999,8.74,647LX
southafricatoday.net,1,1,1.0,8.61,8.61,304212,304212,304212,304212,exact,1,1,South Africa Today,1,2022-11-30T18:38:20,2022-11-30T18:38:20,448411,5.81,647LX
canindia.com,1,1,1.0,8.36,8.36,315169,315169,315169,315169,exact,1,1,CanIndia,1,2018-05-25T09:36:00,2018-05-25T09:36:00,693016,2.65,647LX
bioengineer.org,1,1,1.0,6.3,6.3,418893,418893,418893,418893,exact,1,1,Bioengineer.org,1,2021-11-17T14:12:37,2021-11-17T14:12:37,149185,13.77,647LX
illvet.se,1,1,1.0,6.23,6.23,422941,422941,422941,422941,exact,1,1,Illustrerad Vetenskap,1,2024-08-05T15:14:43,2024-08-05T15:14:43,81573,18.14,647LX
healthmedicinet.com,1,1,1.0,5.69,5.69,455373,455373,455373,455373,exact,1,1,Health Medicinet,1,2014-10-15T06:23:58,2014-10-15T06:23:58,489547,5.17,647LX
trueviralnews.com,1,1,1.0,5.57,5.57,463265,463265,463265,463265,exact,1,1,True Viral News,1,2021-10-11T18:38:02,2021-10-11T18:38:02,0,0.0,647LX
uktimenews.com,1,1,1.0,5.35,5.35,477208,477208,477208,477208,exact,1,1,UK Time News,1,2022-11-25T05:02:03,2022-11-25T05:02:03,998007,0.01,647LX
nouvelles-du-monde.com,1,1,1.0,5.08,5.08,495486,495486,495486,495486,exact,1,1,Nouvelles du monde,1,2024-02-15T05:51:07,2024-02-15T05:51:07,434168,6.04,647LX
foreignaffairs.co.nz,2,2,1.0,3.015,3.015,673766,673766,535022,812510,exact,2,2,Foreign Affairs New Zealand,2,2019-09-13T12:29:43,2020-07-20T13:52:52,489229,5.17,647LX
w2.technobahn.com,1,1,1.0,2.78,2.78,681385,681385,681385,681385,suffix,1,1,Technobahn,1,2015-02-12T17:11:00,2015-02-12T17:11:00,0,0.0,647LX
cikavosti.com,1,1,1.0,2.19,2.19,738743,738743,738743,738743,exact,1,1,CIKAVOSTI,1,2024-08-15T16:34:27,2024-08-15T16:34:27,0,0.0,647LX
nach-welt.com,3,3,1.0,1.86,1.86,773371,773371,773371,773371,exact,1,1,Nachrichten Welt,3,2022-11-25T14:37:52,2022-11-27T04:02:21,0,0.0,647LX
dclm.es,1,1,1.0,0.56,0.56,925647,925647,925647,925647,exact,1,1,dclm,1,2022-12-04T12:11:46,2022-12-04T12:11:46,0,0.0,647LX
myscience.org,1,1,1.0,0.03,0.03,995701,995701,995701,995701,exact,1,1,My Science,1,2017-09-21T07:00:06,2017-09-21T07:00:06,609054,3.59,647LX
journalbreak.com,3,0,0.0,0.0,0.0,0,0,0,0,unmatched,1,1,journalbreak.Com,3,2022-11-25T11:06:04,2022-11-27T01:08:20,0,0.0,647LX
torontotelegraph.com,2,0,0.0,0.0,0.0,0,0,0,0,unmatched,2,2,Toronto Telegraph,2,2022-11-29T06:24:02,2023-12-19T18:39:17,0,0.0,647LX
us.alertbreakingnews.com,2,0,0.0,0.0,0.0,0,0,0,0,unmatched,1,1,Alert Breaking News - US,2,2022-10-27T18:44:19,2022-10-27T18:44:19,0,0.0,647LX
bilbao24horas.com,1,0,0.0,0.0,0.0,0,0,0,0,unmatched,1,1,Bilbao24horas,1,2022-12-04T08:03:51,2022-12-04T08:03:51,0,0.0,647LX
cambiopolitico.com,1,0,0.0,0.0,0.0,0,0,0,0,unmatched,1,1,Cambio Político,1,2022-12-01T22:11:33,2022-12-01T22:11:33,0,0.0,647LX
chitchatpost.com,1,0,0.0,0.0,0.0,0,0,0,0,unmatched,1,1,ChitChat Post Espana,1,2024-08-14T01:05:52,2024-08-14T01:05:52,0,0.0,647LX
elportaluco.com,1,0,0.0,0.0,0.0,0,0,0,0,unmatched,1,1,El Portaluco,1,2022-12-04T05:41:01,2022-12-04T05:41:01,0,0.0,647LX
free-mail.co.za,1,0,0.0,0.0,0.0,0,0,0,0,unmatched,1,1,Free Mail South Africa,1,2023-12-20T01:00:19,2023-12-20T01:00:19,588738,3.83,647LX
madriddigital24horas.com,1,0,0.0,0.0,0.0,0,0,0,0,unmatched,1,1,Madriddigital24horas,1,2022-12-04T11:09:48,2022-12-04T11:09:48,0,0.0,647LX
mandarinian.news,1,0,0.0,0.0,0.0,0,0,0,0,unmatched,1,1,Mandarinian,1,2025-05-10T22:13:28,2025-05-10T22:13:28,0,0.0,647LX
newslanes.com,1,0,0.0,0.0,0.0,0,0,0,0,unmatched,1,1,Newslanes,1,2022-11-25T06:24:20,2022-11-25T06:24:20,0,0.0,647LX
nipponese.news,1,0,0.0,0.0,0.0,0,0,0,0,unmatched,1,1,Nipponese.news,1,2024-08-18T10:03:01,2024-08-18T10:03:01,0,0.0,647LX
noticiasdelatierra.com,1,0,0.0,0.0,0.0,0,0,0,0,unmatched,1,1,Noticias de la tierra,1,2024-04-08T15:39:30,2024-04-08T15:39:30,0,0.0,647LX
presseraum.at,1,0,0.0,0.0,0.0,0,0,0,0,unmatched,1,1,Presseraum,1,2022-11-25T13:18:01,2022-11-25T13:18:01,0,0.0,647LX
swifttelecast.com,1,0,0.0,0.0,0.0,0,0,0,0,unmatched,1,1,Swift Telecast,1,2022-11-26T17:13:24,2022-11-26T17:13:24,0,0.0,647LX
