period_key,mentions,status,resolution,target_date,resolved_date,offset_days,probe_date,tranco_list_id,tranco_list_created_on,download_url,rank_map_loaded,ranked_domains_subset
2014-Q4,5,ok,fallback_nearest_available,2014-11-15,2019-02-19,1557,2019-02-19,RJYY,2019-02-19T22:00:02.469653,https://tranco-list.eu/download/RJYY/1000000,True,128
2015-Q1,7,ok,fallback_nearest_available,2015-02-15,2019-02-19,1465,2019-02-19,RJYY,2019-02-19T22:00:02.469653,https://tranco-list.eu/download/RJYY/1000000,True,128
2015-Q4,19,ok,fallback_nearest_available,2015-11-15,2019-02-19,1192,2019-02-19,RJYY,2019-02-19T22:00:02.469653,https://tranco-list.eu/download/RJYY/1000000,True,128
2017-Q3,13,ok,fallback_nearest_available,2017-08-15,2019-02-19,553,2019-02-19,RJYY,2019-02-19T22:00:02.469653,https://tranco-list.eu/download/RJYY/1000000,True,128
2018-Q2,82,ok,fallback_nearest_available,2018-05-15,2019-02-19,280,2019-02-19,RJYY,2019-02-19T22:00:02.469653,https://tranco-list.eu/download/RJYY/1000000,True,128
2018-Q3,1,ok,fallback_nearest_available,2018-08-15,2019-02-19,188,2019-02-19,RJYY,2019-02-19T22:00:02.469653,https://tranco-list.eu/download/RJYY/1000000,True,128
2018-Q4,2,ok,fallback_nearest_available,2018-11-15,2019-02-19,96,2019-02-19,RJYY,2019-02-19T22:00:02.469653,https://tranco-list.eu/download/RJYY/1000000,True,128
2019-Q1,2,ok,nearest_date_window,2019-02-15,2019-02-19,4,2019-02-19,RJYY,2019-02-19T22:00:02.469653,https://tranco-list.eu/download/RJYY/1000000,True,128
2019-Q3,9,ok,nearest_date_window,2019-08-15,2019-08-13,-2,2019-08-13,9382,2019-08-13T22:00:02.840860,https://tranco-list.eu/download/9382/1000000,True,129
2020-Q1,3,ok,nearest_date_window,2020-02-15,2020-02-13,-2,2020-02-13,PWLJ,2020-02-13T22:00:02.658371,https://tranco-list.eu/download/PWLJ/1000000,True,130
2020-Q3,4,ok,nearest_date_window,2020-08-15,2020-08-17,2,2020-08-17,K3NW,2020-08-17T22:00:02.935040,https://tranco-list.eu/download/K3NW/1000000,True,132
2021-Q2,1,ok,nearest_date_window,2021-05-15,2021-05-17,2,2021-05-17,GPZK,2021-05-17T22:00:02.670626,https://tranco-list.eu/download/GPZK/1000000,True,138
2021-Q4,29,ok,nearest_date_window,2021-11-15,2021-11-13,-2,2021-11-13,VL2N,2021-11-13T22:00:02.806242,https://tranco-list.eu/download/VL2N/1000000,True,138
2022-Q1,1,ok,nearest_date_window,2022-02-15,2022-02-13,-2,2022-02-13,YG9G,2022-02-13T22:00:02.684159,https://tranco-list.eu/download/YG9G/1000000,True,139
2022-Q3,2,ok,nearest_date_window,2022-08-15,2022-08-17,2,2022-08-17,X56JN,2022-08-17T22:00:02.474398,https://tranco-list.eu/download/X56JN/1000000,True,137
2022-Q4,49,ok,nearest_date_window,2022-11-15,2022-11-17,2,2022-11-17,4KV4X,2022-11-17T22:00:08.468034,https://tranco-list.eu/download/4KV4X/1000000,True,136
2023-Q3,6,ok,nearest_date_window,2023-08-15,2023-08-13,-2,2023-08-13,Y56VG,2023-08-13T22:00:04.002750,https://tranco-list.eu/download/Y56VG/1000000,True,0
2023-Q4,11,ok,nearest_date_window,2023-11-15,2023-11-17,2,2023-11-17,VXWKN,2023-11-17T22:00:02.704707,https://tranco-list.eu/download/VXWKN/1000000,True,0
2024-Q1,8,ok,nearest_date_window,2024-02-15,2024-02-17,2,2024-02-17,QG934,2024-02-17T22:00:01.627881,https://tranco-list.eu/download/QG934/1000000,True,0
2024-Q2,1,ok,nearest_date_window,2024-05-15,2024-05-14,-1,2024-05-14,3NQXL,2024-05-14T22:00:02.718665,https://tranco-list.eu/download/3NQXL/1000000,True,128
2024-Q3,41,ok,nearest_date_window,2024-08-15,2024-08-14,-1,2024-08-14,N3YLW,2024-08-14T22:00:02.290981,https://tranco-list.eu/download/N3YLW/1000000,True,130
2025-Q2,6,ok,nearest_date_window,2025-05-15,2025-05-13,-2,2025-05-13,XJGYN,2025-05-13T22:00:04.567092,https://tranco-list.eu/download/XJGYN/1000000,True,134
